{"cameraMode":{"drawMode":0,"name":"Shaded","section":"Shading Mode"},"sceneLighting":true,"audioPlay":false,"sceneViewState":{"showFog":true,"showMaterialUpdate":false,"showSkybox":true,"showFlares":true,"showImageEffects":true,"showParticleSystems":true},"in2DMode":false,"pivot":{"x":6.712784290313721,"y":-0.44760459661483767,"z":-3.9935481548309328},"rotation":{"x":0.06422081589698792,"y":-0.9340161681175232,"z":0.21702904999256135,"w":0.27638354897499087},"size":7.081658840179443,"orthographic":false}